-- INSERTAR DATOS
INSERT into CLIENTES VALUES (0001,	'LUIS',	'GARCIA',	'MADRID');
INSERT INTO CLIENTES VALUES (0002,	'ANTONIO',	'LOPEZ',	'VALENCIA'); 
INSERT  INTO  CLIENTES VALUES (0003,	'JUAN',	'MARTIN',	'MADRID');
INSERT INTO  CLIENTES VALUES (0004,	'MARIA',	'GARCIA',	'MADRID'); 
INSERT INTO  CLIENTES VALUES (0005,	'JAVIER',	'GONZALEZ',	'BARCELONA'); 
INSERT INTO  CLIENTES VALUES (0006,	'ANA',	'LOPEZ',	'BARCELONA'); 

INSERT INTO COCHES (CODCOCHE, NOMBRE, MODELO) VALUES ('001', 'IBIZA', 'GLX');
INSERT INTO COCHES (CODCOCHE, NOMBRE, MODELO) VALUES ('002', 'IBIZA', 'GTI');
INSERT INTO COCHES (CODCOCHE, NOMBRE, MODELO) VALUES ('003', 'IBIZA', 'GTD');
INSERT INTO COCHES (CODCOCHE, NOMBRE, MODELO) VALUES ('004', 'TOLEDO', 'GTD');
INSERT INTO COCHES (CODCOCHE, NOMBRE, MODELO) VALUES ('005', 'CORDOBA', 'GTI');
INSERT INTO COCHES (CODCOCHE, NOMBRE, MODELO) VALUES ('006', 'MEGANE', '1.6');
INSERT INTO COCHES (CODCOCHE, NOMBRE, MODELO) VALUES ('007', 'MEGANE', 'GTI');
INSERT INTO COCHES (CODCOCHE, NOMBRE, MODELO) VALUES ('008', 'LAGUNA', 'GTD');
INSERT INTO COCHES (CODCOCHE, NOMBRE, MODELO) VALUES ('009', 'LAGUNA', 'TD');
INSERT INTO COCHES (CODCOCHE, NOMBRE, MODELO) VALUES ('010', 'ZX', '16V');
INSERT INTO COCHES (CODCOCHE, NOMBRE, MODELO) VALUES ('011', 'ZX', 'TD');
INSERT INTO COCHES (CODCOCHE, NOMBRE, MODELO) VALUES ('012', 'XANTIA', 'GTD');
INSERT INTO COCHES (CODCOCHE, NOMBRE, MODELO) VALUES ('013', 'A4', '1.8');
INSERT INTO COCHES (CODCOCHE, NOMBRE, MODELO) VALUES ('014', 'A4', '2.8');
INSERT INTO COCHES (CODCOCHE, NOMBRE, MODELO) VALUES ('015', 'ASTRA', 'CARAVAN');
INSERT INTO COCHES (CODCOCHE, NOMBRE, MODELO) VALUES ('016', 'ASTRA', 'GTI');
INSERT INTO COCHES (CODCOCHE, NOMBRE, MODELO) VALUES ('017', 'CORSA', '1.4');
INSERT INTO COCHES (CODCOCHE, NOMBRE, MODELO) VALUES ('018', '300', '316');
INSERT INTO COCHES (CODCOCHE, NOMBRE, MODELO) VALUES ('019', '500', '525');
INSERT INTO COCHES (CODCOCHE, NOMBRE, MODELO) VALUES ('020', '700', '750');

INSERT INTO MARCAS (CIFM, NOMBRE, CIUDAD) VALUES ('0001', 'SEAT', 'MADRID');
INSERT INTO MARCAS (CIFM, NOMBRE, CIUDAD) VALUES ('0002', 'RENAULT', 'BARCELONA');
INSERT INTO MARCAS (CIFM, NOMBRE, CIUDAD) VALUES ('0003', 'CITROEN', 'VALENCIA');
INSERT INTO MARCAS (CIFM, NOMBRE, CIUDAD) VALUES ('0004', 'AUDI', 'MADRID');
INSERT INTO MARCAS (CIFM, NOMBRE, CIUDAD) VALUES ('0005', 'OPEL', 'BILBAO');
INSERT INTO MARCAS (CIFM, NOMBRE, CIUDAD) VALUES ('0006', 'BMW', 'BARCELONA');

INSERT INTO CONCESIONARIOS (CIFC, NOMBRE, CIUDAD) VALUES ('0001', 'ACAR', 'MADRID');
INSERT INTO CONCESIONARIOS (CIFC, NOMBRE, CIUDAD) VALUES ('0002', 'BCAR', 'MADRID');
INSERT INTO CONCESIONARIOS (CIFC, NOMBRE, CIUDAD) VALUES ('0003', 'CCAR', 'BARCELONA');
INSERT INTO CONCESIONARIOS (CIFC, NOMBRE, CIUDAD) VALUES ('0004', 'DCAR', 'VALENCIA');
INSERT INTO CONCESIONARIOS (CIFC, NOMBRE, CIUDAD) VALUES ('0005', 'ECAR', 'BILBAO');

INSERT INTO FABRICA (CIFM, CODCOCHE) VALUES ('0001', '001 ');
INSERT INTO FABRICA (CIFM, CODCOCHE) VALUES ('0001', '002 ');
INSERT INTO FABRICA (CIFM, CODCOCHE) VALUES ('0001', '003 ');
INSERT INTO FABRICA (CIFM, CODCOCHE) VALUES ('0001', '004 ');
INSERT INTO FABRICA (CIFM, CODCOCHE) VALUES ('0001', '005 ');
INSERT INTO FABRICA (CIFM, CODCOCHE) VALUES ('0002', '006 ');
INSERT INTO FABRICA (CIFM, CODCOCHE) VALUES ('0002', '007 ');
INSERT INTO FABRICA (CIFM, CODCOCHE) VALUES ('0002', '008 ');
INSERT INTO FABRICA (CIFM, CODCOCHE) VALUES ('0002', '009 ');
INSERT INTO FABRICA (CIFM, CODCOCHE) VALUES ('0003', '010 ');
INSERT INTO FABRICA (CIFM, CODCOCHE) VALUES ('0003', '011 ');
INSERT INTO FABRICA (CIFM, CODCOCHE) VALUES ('0003', '012 ');
INSERT INTO FABRICA (CIFM, CODCOCHE) VALUES ('0004', '013 ');
INSERT INTO FABRICA (CIFM, CODCOCHE) VALUES ('0004', '014 ');
INSERT INTO FABRICA (CIFM, CODCOCHE) VALUES ('0005', '015 ');
INSERT INTO FABRICA (CIFM, CODCOCHE) VALUES ('0005', '016 ');
INSERT INTO FABRICA (CIFM, CODCOCHE) VALUES ('0005', '017 ');
INSERT INTO FABRICA (CIFM, CODCOCHE) VALUES ('0006', '018 ');
INSERT INTO FABRICA (CIFM, CODCOCHE) VALUES ('0006', '019 ');
INSERT INTO FABRICA (CIFM, CODCOCHE) VALUES ('0006', '020');

INSERT INTO DISTRIBUYEN (CIFC, CODCOCHE, CANTIDAD) VALUES ('0001', '001', '3 ');
INSERT INTO DISTRIBUYEN (CIFC, CODCOCHE, CANTIDAD) VALUES ('0001', '005', '7 ');
INSERT INTO DISTRIBUYEN (CIFC, CODCOCHE, CANTIDAD) VALUES ('0001', '006', '7 ');
INSERT INTO DISTRIBUYEN (CIFC, CODCOCHE, CANTIDAD) VALUES ('0002', '006', '5 ');
INSERT INTO DISTRIBUYEN (CIFC, CODCOCHE, CANTIDAD) VALUES ('0002', '008', '10 ');
INSERT INTO DISTRIBUYEN (CIFC, CODCOCHE, CANTIDAD) VALUES ('0002', '009', '10 ');
INSERT INTO DISTRIBUYEN (CIFC, CODCOCHE, CANTIDAD) VALUES ('0003', '010', '5 ');
INSERT INTO DISTRIBUYEN (CIFC, CODCOCHE, CANTIDAD) VALUES ('0003', '011', '3 ');
INSERT INTO DISTRIBUYEN (CIFC, CODCOCHE, CANTIDAD) VALUES ('0003', '012', '5 ');
INSERT INTO DISTRIBUYEN (CIFC, CODCOCHE, CANTIDAD) VALUES ('0004', '013', '10 ');
INSERT INTO DISTRIBUYEN (CIFC, CODCOCHE, CANTIDAD) VALUES ('0004', '014', '5 ');
INSERT INTO DISTRIBUYEN (CIFC, CODCOCHE, CANTIDAD) VALUES ('0005', '015', '10 ');
INSERT INTO DISTRIBUYEN (CIFC, CODCOCHE, CANTIDAD) VALUES ('0005', '016', '20 ');
INSERT INTO DISTRIBUYEN (CIFC, CODCOCHE, CANTIDAD) VALUES ('0005', '017', '8 ');

INSERT INTO VENDEN (CIFC, DNI, CODCOCHE, COLOR) VALUES ('0001', '0001', ' 001', 'BLANCO');
INSERT INTO VENDEN (CIFC, DNI, CODCOCHE, COLOR) VALUES ('0001', '0002', ' 005', 'ROJO');
INSERT INTO VENDEN (CIFC, DNI, CODCOCHE, COLOR) VALUES ('0002', '0003', ' 008', 'BLANCO');
INSERT INTO VENDEN (CIFC, DNI, CODCOCHE, COLOR) VALUES ('0002', '0001', ' 006', 'ROJO');
INSERT INTO VENDEN (CIFC, DNI, CODCOCHE, COLOR) VALUES ('0003', '0004', ' 011', 'ROJO');
INSERT INTO VENDEN (CIFC, DNI, CODCOCHE, COLOR) VALUES ('0004', '0005', ' 014', 'VERDE');
 
